{
    "Name":"NO-COUNTIES-AND-TERRITORIES",
    "Description":"Emblems of all current and a few future Norwegian counties, as well as all Norwegian territories and dependencies",
    "Flags": {
        "Agder":"NO-AGDER",
        "Akershus":"NO-AKERSHUS",
        "Bjørnøya":"NO-BJORNOYA",
        "Bovetøya":"NO-BOUVETOYA",
        "Buskerud":"NO-BUSKERUD",
        "Dronning Mauds Land":"NO-DRONNING-MAUDS-LAND",
        "Innlandet":"NO-INNLANDET",
        "Jan Mayen":"NO-JAN-MAYEN",
        "Kronprins Olav kyst":"NO-KRONPRINS-OLAV-KYST",
        "Kronprinsesse Märtha kyst":"NO-KRONPRINSESSE-MARTHA-KYST",
        "Møre og Romsdal":"NO-MORE-OG-ROMSDAL",
        "Nordland":"NO-NORDLAND",
        "Oslo":"NO-OSLO",
        "Østfold":"NO-OSTFOLD",
        "Peter 1 øy":"NO-PETER-1-OY",
        "Prins Harald kyst":"NO-PRINS-HARALD-KYST",
        "Prinsesse Astrid kyst":"NO-PRINSESSE-ASTRID-KYST",
        "Prinsesse Ragnhild kyst":"NO-PRINSESSE-RAGNHILD-KYST",
        "Rogaland":"NO-ROGALAND",
        "Svalbard":"NO-SVALBARD",
        "Telemark":"NO-TELEMARK",
        "Troms og Finnmark":"NO-TROMS-OG-FINNMARK",
        "Trøndelag":"NO-TRONDELAG",
        "Vestfold og Telemark":"NO-VESTFOLD-OG-TELEMARK",
        "Vestfold":"NO-VESTFOLD",
        "Vestland":"NO-VESTLAND",
        "Viken":"NO-VIKEN"
    }
}